[
  {
    "pin": 41,
    "color": "success",
    "category": 1,
    "style": { "top": 55, "left": 21 },
    "info": {
      "icon": "tomato",
      "title": "Cold Soup Kitchen",
      "label": "Pin for Cold Soup Kitchen",
      "openingHours": "8:30AM — 11:30PM",
      "phone": "(0) 66 6743987",
      "description": "Manihot esculenta phytolacca americana corchorus olitorius, corchorus capsularis. Brassica rapa Pervidis or Komatsuna group dioscorea spp lepidium sativum, ipomoea aquatica - brassica rapa chinensis group spinacia oleracea. Phaseolus vulgaris macrotyloma uniflorum."
    },
    "isOpen": true
  },
  {
    "pin": 42,
    "color": "primary",
    "category": 2,
    "style": { "top": 18, "left": 20 },
    "info": {
      "icon": "cinema",
      "title": "Docu Dome",
      "label": "Pin for Docu Dome",
      "openingHours": "13:00PM — 03:00AM",
      "phone": "(0) 66 2289786",
      "description": "Ipomoea aquatica smallanthus sonchifolius. The Docu Dome presents Sintel by the Blender Foundation."
    },
    "isOpen": true
  },
  {
    "pin": 43,
    "color": "hotpink",
    "category": 3,
    "style": { "top": 21, "left": 88 },
    "info": {
      "icon": "paint-brush",
      "title": "Little Artist",
      "label": "Pin for Little Artist",
      "openingHours": "8:30AM — 10:30PM",
      "phone": "(0) 66 9987879",
      "description": "Brassica oleracea Gemmifera group conopodium majus. Cichorium intybus brassica rapa subsp rapa brassica oleracea gemmifera group abelmoschus esculentus phaseolus vulgaris."
    },
    "isOpen": true
  },
  {
    "pin": 44,
    "color": "secondary",
    "category": 4,
    "style": { "top": 52, "left": 74 },
    "info": {
      "icon": "modx",
      "title": "Space 16",
      "label": "Pin for Space 16",
      "openingHours": "8:30AM — 11:00PM",
      "phone": "(0) 66 6658940",
      "description": "Arctium lappa scorzonera hispanica pteridium aquilinum, athyrium esculentum celosia argentea arctium lappa brassica rapa chinensis group. Cucurbita spp."
    },
    "isOpen": true
  },
  {
    "pin": 45,
    "color": "secondary",
    "category": 4,
    "style": { "top": 33, "left": 38 },
    "info": {
      "icon": "droplet",
      "title": "Hot Tub Festival",
      "label": "Pin for Hot Tub Festival",
      "openingHours": "7:30AM — 11:30PM",
      "phone": "(0) 66 7843676",
      "description": "Talinum fruticosum glycine max tarhui, chocho. Cyamopsis tetragonoloba crassocephalum spp lens culinaris. Vigna umbellata cucurbita spp vigna umbellata."
    },
    "isOpen": true
  },
  {
    "pin": 46,
    "color": "primary",
    "category": 2,
    "style": { "top": 39, "left": 56 },
    "info": {
      "icon": "cupcake",
      "title": "Love 2 Cook",
      "label": "Pin for Love 2 Cook",
      "openingHours": "7:30AM — 09:00PM",
      "phone": "(0) 66 7749036",
      "description": "Vigna unguiculata subsp sesquipedalis vicia faba eruca sativa pisum sativum abelmoschus esculentus. Chenopodium album glycine max tarhui, chocho. Cordyline fruticosa apium graveolens sinapis alba."
    },
    "isOpen": true
  },
  {
    "pin": 47,
    "color": "primary",
    "category": 2,
    "style": { "top": 58, "left": 10 },
    "info": {
      "icon": "leafcircle",
      "title": "Permaculture Hub",
      "label": "Pin for Permaculture Hub",
      "openingHours": "7:30AM — 12:30PM",
      "phone": "(0) 66 7833895",
      "description": "Brassica oleracea phaseolus coccineus talinum fruticosum capsicum annuum cucurbita spp. Raphanus sativus Longipinnatus group cucurbita spp, moringa oleifera lathyrus sativus crithmum maritimum."
    },
    "isOpen": true
  }
]
