[
  {
    "pin": 11,
    "color": "success",
    "category": 1,
    "style": { "top": 60, "left": 8 },
    "info": {
      "icon": "appleheart",
      "title": "Apple Heart",
      "label": "Pin for Apple Heart",
      "openingHours": "6:30AM — 11:30PM",
      "phone": "(0) 66 5738902",
      "description": "Burdock celery - salsify, tomatillo. Bitter gourd horseradish leaves radicchio, celeriac miner's lettuce kurrat arugula fluted pumpkin turnip, arracacha water spinach nopal."
    },
    "isOpen": true
  },
  {
    "pin": 12,
    "color": "success",
    "category": 1,
    "style": { "top": 15, "left": 15 },
    "info": {
      "icon": "bananas",
      "title": "Crazy Banana",
      "label": "Pin for Crazy Banana",
      "openingHours": "7:30AM — 10:30PM",
      "phone": "(0) 66 7822786",
      "description": "Malva verticillata cichorium intybus zingiber officinale. Capsicum annuum Grossum group amorphophallus_paeoniifolius celosia argentea. Brassica oleracea Acephala group brassica rapa pervidis or komatsuna group plectranthus spp."
    },
    "isOpen": true
  },
  {
    "pin": 13,
    "color": "primary",
    "category": 2,
    "style": { "top": 15, "left": 88 },
    "info": {
      "icon": "origami",
      "title": "Folding Life",
      "label": "Pin for Folding Life",
      "openingHours": "7:30AM — 10:30PM",
      "phone": "(0) 66 2385641",
      "description": "Brassica rapa Pekinensis group crassocephalum spp ipomoea aquatica. Brassica napus Napobrassica group pachyrhizus ahipa."
    },
    "isOpen": true
  },
  {
    "pin": 14,
    "color": "hotpink",
    "category": 3,
    "style": { "top": 40, "left": 77 },
    "info": {
      "icon": "dress",
      "title": "Dress me not",
      "label": "Pin for Dress me not",
      "openingHours": "7:30AM — 10:30PM",
      "phone": "(0) 66 7830091",
      "description": "Glycine max tarhui, chocho arachis hypogaea. Barbarea verna cucurbita spp, eruca sativa dioscorea spp solanum lycopersicum var telfairia occidentalis."
    },
    "isOpen": true
  },
  {
    "pin": 15,
    "color": "secondary",
    "category": 4,
    "style": { "top": 33, "left": 38 },
    "info": {
      "icon": "tree2",
      "title": "Meditation Garden",
      "label": "Pin for The Meditation Garden",
      "openingHours": "7:30AM — 10:30PM",
      "phone": "(0) 66 6653929",
      "description": "Vernonia calvoana. Talinum fruticosum celosia argentea manihot esculenta beta vulgaris subsp maritima lathyrus tuberosus. Vigna acontifolia amorphophallus_paeoniifolius canna spp valerianella locusta."
    },
    "isOpen": true
  },
  {
    "pin": 16,
    "color": "success",
    "category": 1,
    "style": { "top": 6, "left": 27 },
    "info": {
      "icon": "avocado",
      "title": "Seed of Life",
      "label": "Pin for Seed of Life",
      "openingHours": "7:30AM — 10:30PM",
      "phone": "(0) 66 8988650",
      "description": "Ullucus tuberosus psoralea esculenta; brassica rapa chinensis group - cichorium intybus. Pisum sativum inula crithmoides brassica napus napobrassica group brassica oleracea taraxacum officinale."
    },
    "isOpen": true
  },
  {
    "pin": 17,
    "color": "success",
    "category": 1,
    "style": { "top": 36, "left": 61 },
    "info": {
      "icon": "cake",
      "title": "Raw Delight",
      "label": "Pin for Raw Delight",
      "openingHours": "6:30AM — 9:00PM",
      "phone": "(0) 66 9121341",
      "description": "Brassica rapa Chinensis group dioscorea spp brassica rapa pekinensis and chinensis groups brassica oleracea pachyrhizus erosus."
    },
    "isOpen": true
  },

  {
    "pin": 18,
    "color": "success",
    "category": 1,
    "style": { "top": 9, "left": 59 },
    "info": {
      "icon": "mushroom",
      "title": "The Wizard",
      "label": "Pin for The Wizard",
      "openingHours": "7:30AM — 7:30PM",
      "phone": "(0) 66 4409098",
      "description": "Celeriac lima bean, tepary bean sweet potato or kumara nopal wild leek, elephant garlic carrot. Bitter gourd, prairie turnip tatsoi canna miner's lettuce bitterleaf lizard's tail broadleaf arrowhead gobo; swiss chard pigeon pea leaves."
    },
    "isOpen": true
  },

  {
    "pin": 19,
    "color": "success",
    "category": 1,
    "style": { "top": 8, "left": 51 },
    "info": {
      "icon": "pear",
      "title": "Smoothies & Soul",
      "label": "Pin for Smoothies & Soul",
      "openingHours": "8:30AM — 10:30PM",
      "phone": "(0) 66 4409098",
      "description": "Broccoli Rabe kale, beetroot lettuce. Daikon chickweed leek tomatillo, beetroot cress west indian gherkin ricebean black-eyed pea fat hen moth bean! Chard lotus root scallion jícama; ulluco."
    },
    "isOpen": true
  }
]
