[
  {
    "pin": 21,
    "color": "success",
    "category": 1,
    "style": { "top": 7, "left": 22 },
    "info": {
      "icon": "pepper",
      "title": "Grilled Chipotle",
      "label": "Pin for Grilled Chipotle",
      "openingHours": "7:30AM — 11:30PM",
      "phone": "(0) 66 9866756",
      "description": "Summer purslane horseradish catsear kurrat, winter melon bitter gourd. Tomato, florence fennel; garden rocket;"
    },
    "isOpen": true
  },
  {
    "pin": 22,
    "color": "primary",
    "category": 2,
    "style": { "top": 39, "left": 5 },
    "info": {
      "icon": "rocket",
      "title": "Rocketship Tech",
      "label": "Pin for Rocketship Tech",
      "openingHours": "8:30AM — 11:30PM",
      "phone": "(0) 66 4539810",
      "description": "Salsify garlic scallion manioc plectranthus summer purslane water chestnut cucumber radish garlic. Daikon winter melon moth bean."
    },
    "isOpen": true
  },
  {
    "pin": 23,
    "color": "primary",
    "category": 2,
    "style": { "top": 21, "left": 84 },
    "info": {
      "icon": "bug",
      "title": "Which Bug?",
      "label": "Pin for Which Bug?",
      "openingHours": "7:30AM — 10:30PM",
      "phone": "(0) 66 8865001",
      "description": "Sorrel garlic pigeon pea fava bean radish scorzonera lentil. Black-eyed pea samphire sorrel; lotus root arracacha lima bean celeriac chinese artichoke okra."
    },
    "isOpen": true
  },
  {
    "pin": 24,
    "color": "hotpink",
    "category": 3,
    "style": { "top": 39, "left": 53 },
    "info": {
      "icon": "books",
      "title": "Cognito",
      "label": "Pin for Cognitio",
      "openingHours": "8:30AM — 11:30PM",
      "phone": "(0) 66 6738982",
      "description": "Samphire chaya camas chickweed rutabaga. Soko pumpkin; miner's lettuce ulluco arugula. Peanut jícama spinach taro squash soko tepary bean, bok choy."
    },
    "isOpen": true
  },
  {
    "pin": 25,
    "color": "success",
    "category": 1,
    "style": { "top": 14, "left": 50 },
    "info": {
      "icon": "eggplant",
      "title": "The Eggplanthead",
      "label": "Pin for The Eggplanthead",
      "openingHours": "9:00AM — 11:30PM",
      "phone": "(0) 66 7846729",
      "description": "Ahipa yacón mustard fat hen fava bean mung bean, leek; beetroot - prussian asparagus."
    },
    "isOpen": true
  },
  {
    "pin": 26,
    "color": "success",
    "category": 1,
    "style": { "top": 60, "left": 15 },
    "info": {
      "icon": "strawberry",
      "title": "Superfood",
      "label": "Pin for Superfood",
      "openingHours": "8:30AM — 10:30PM",
      "phone": "(0) 66 5630098",
      "description": "Mizuna greens; epazote tigernut chard - common bean! Radish chickweed, garden rocket, chickweed, gobo dolichos bean corn salad."
    },
    "isOpen": true
  },
  {
    "pin": 27,
    "color": "hotpink",
    "category": 3,
    "style": { "top": 34, "left": 37 },
    "info": {
      "icon": "heart",
      "title": "No Princess",
      "label": "Pin for No Princess",
      "openingHours": "6:30AM — 10:30PM",
      "phone": "(0) 66 6650989",
      "description": "Ensete endive fiddlehead endive kurrat - gobo, black-eyed pea bitter gourd pignut. Winter melon swiss chard beet greens fiddlehead; guar."
    },
    "isOpen": true
  },

  {
    "pin": 28,
    "color": "hotpink",
    "category": 3,
    "style": { "top": 52, "left": 74 },
    "info": {
      "icon": "wrench",
      "title": "Tool Exchange",
      "label": "Pin for Tool Exchange",
      "openingHours": "7:30AM — 7:30PM",
      "phone": "(0) 66 4409098",
      "description": "Celeriac lima bean, tepary bean sweet potato or kumara nopal wild leek, elephant garlic carrot. Bitter gourd, prairie turnip tatsoi canna miner's lettuce bitterleaf lizard's tail broadleaf arrowhead gobo; swiss chard pigeon pea leaves."
    },
    "isOpen": true
  }
]
