[
  {
    "pin": 31,
    "color": "success",
    "category": 1,
    "style": { "top": 17, "left": 15 },
    "info": {
      "icon": "tea",
      "title": "Oolong House",
      "aria-label": "Pin for Oolong House",
      "openingHours": "8:30AM — 10:30PM",
      "phone": "(0) 66 8867298",
      "description": "Sweet pepper; squash, parsnip sierra leone bologi peanut tomatillo. Broccoli Rabe chrysanthemum leaves florence fennel fluted pumpkin, sweet potato or kumara scallion."
    },
    "isOpen": true
  },
  {
    "pin": 32,
    "color": "primary",
    "category": 2,
    "style": { "top": 42, "left": 5 },
    "info": {
      "icon": "pyramid",
      "title": "Enlightend Path",
      "aria-label": "Pin for Enlightend Path",
      "openingHours": "8:30AM — 10:30PM",
      "phone": "(0) 66 7756989",
      "description": "Glycine max tarhui, chocho valerianella locusta; cichorium endivia, cucumis sativus. Cyamopsis tetragonoloba - acmella oleracea. Lactuca sativa; cucurbita spp."
    },
    "isOpen": true
  },
  {
    "pin": 33,
    "color": "hotpink",
    "category": 3,
    "style": { "top": 19, "left": 85 },
    "info": {
      "icon": "shoe",
      "title": "What makes us walk",
      "aria-label": "Pin for What makes us walk",
      "openingHours": "8:30AM — 10:30PM",
      "phone": "(0) 66 8809098",
      "description": "Valerianella locusta inula crithmoides. Nasturtium officinale; arctium lappa? Achillea millefolium eruca sativa benincasa hispida sagittaria latifolia telfairia occidentalis plantago major."
    },
    "isOpen": true
  },
  {
    "pin": 34,
    "color": "hotpink",
    "category": 3,
    "style": { "top": 61, "left": 57 },
    "info": {
      "icon": "shirt",
      "title": "Your Last Shirt",
      "aria-label": "Pin for Your Last Shirt",
      "openingHours": "7:30AM — 10:30PM",
      "phone": "(0) 66 3365784",
      "description": "Lens culinaris vigna mungo, smallanthus sonchifolius. Cicer arietinum eruca sativa; valerianella locusta."
    },
    "isOpen": true
  },
  {
    "pin": 35,
    "color": "secondary",
    "category": 4,
    "style": { "top": 58, "left": 25 },
    "info": {
      "icon": "tree",
      "title": "Breathe",
      "aria-label": "Pin for Breathe",
      "openingHours": "8:30AM — 10:30PM",
      "phone": "(0) 66 4523213",
      "description": "Physalis philadelphica. Benincasa hispida brassica napus napobrassica group lens culinaris abelmoschus esculentus."
    },
    "isOpen": true
  },
  {
    "pin": 36,
    "color": "secondary",
    "category": 4,
    "style": { "top": 30, "left": 57 },
    "info": {
      "icon": "grass",
      "title": "Feel the Grass",
      "aria-label": "Pin for Feel the Grass",
      "openingHours": "8:30AM — 10:30PM",
      "phone": "(0) 66 4768590",
      "description": "Brassica rapa Chinensis group praecitrullus fistulosus pachyrhizus ahipa. Colocasia esculenta nasturtium officinale capsicum annuum grossum group, adansonia spp, hypochaeris radicata."
    },
    "isOpen": true
  },
  {
    "pin": 37,
    "color": "secondary",
    "category": 4,
    "style": { "top": 32, "left": 37 },
    "info": {
      "icon": "star",
      "title": "Star Gazer",
      "aria-label": "Pin for Star Gazer",
      "openingHours": "6:30AM — 9:30PM",
      "phone": "(0) 66 4456324",
      "description": "Cucumis anguria phaseolus coccineus lupinus mutabilis scorzonera hispanica cyperus esculentus."
    },
    "isOpen": true
  }
]
